,ds,trend,yhat_lower,yhat_upper,trend_lower,trend_upper,additive_terms,additive_terms_lower,additive_terms_upper,weekly,weekly_lower,weekly_upper,multiplicative_terms,multiplicative_terms_lower,multiplicative_terms_upper,yhat
0,2022-01-13,324.08576144,283.0965334307537,356.9665154381672,324.08576144,324.08576144,-4.219611184199391,-4.219611184199391,-4.219611184199391,-4.219611184199391,-4.219611184199391,-4.219611184199391,0.0,0.0,0.0,319.8661502558006
1,2022-01-14,323.7303968586302,283.17743782521785,356.833932703502,323.7303968586302,323.7303968586302,-5.745592871260368,-5.745592871260368,-5.745592871260368,-5.745592871260368,-5.745592871260368,-5.745592871260368,0.0,0.0,0.0,317.9848039873698
2,2022-01-18,322.3089385331507,280.04178250643577,356.3412094351659,322.3089385331507,322.3089385331507,-4.37308079768635,-4.37308079768635,-4.37308079768635,-4.37308079768635,-4.37308079768635,-4.37308079768635,0.0,0.0,0.0,317.93585773546437
3,2022-01-19,321.9535739517808,280.44447527937655,357.5614748973717,321.9535739517808,321.9535739517808,-3.540678486627456,-3.540678486627456,-3.540678486627456,-3.540678486627456,-3.540678486627456,-3.540678486627456,0.0,0.0,0.0,318.4128954651534
4,2022-01-20,321.598209370411,279.11388917795404,353.69876976118053,321.598209370411,321.598209370411,-4.219611184202005,-4.219611184202005,-4.219611184202005,-4.219611184202005,-4.219611184202005,-4.219611184202005,0.0,0.0,0.0,317.378598186209
5,2022-01-21,321.2428447890411,280.0404944935699,353.28025910741394,321.2428447890411,321.2428447890411,-5.7455928712557425,-5.7455928712557425,-5.7455928712557425,-5.7455928712557425,-5.7455928712557425,-5.7455928712557425,0.0,0.0,0.0,315.4972519177854
6,2022-01-24,320.1767510449315,280.69304509083656,357.614793667871,320.1767510449315,320.1767510449315,-1.338823944019977,-1.338823944019977,-1.338823944019977,-1.338823944019977,-1.338823944019977,-1.338823944019977,0.0,0.0,0.0,318.83792710091154
7,2022-01-25,319.8213864635616,281.34972966036923,352.465596995014,319.8213864635616,319.8213864635616,-4.3730807976714425,-4.3730807976714425,-4.3730807976714425,-4.3730807976714425,-4.3730807976714425,-4.3730807976714425,0.0,0.0,0.0,315.4483056658902
8,2022-01-26,319.4660218821918,281.8522965119213,353.07191013079824,319.4660218821918,319.4660218821918,-3.540678486629128,-3.540678486629128,-3.540678486629128,-3.540678486629128,-3.540678486629128,-3.540678486629128,0.0,0.0,0.0,315.92534339556266
9,2022-01-27,319.1106573031434,281.9134354499856,351.69393069387297,319.1106573031434,319.1106573031434,-4.219611184207145,-4.219611184207145,-4.219611184207145,-4.219611184207145,-4.219611184207145,-4.219611184207145,0.0,0.0,0.0,314.89104611893623
10,2022-01-28,318.75529272409506,275.889733010645,349.52948331732955,318.75529272409506,318.75529272409506,-5.745592871248368,-5.745592871248368,-5.745592871248368,-5.745592871248368,-5.745592871248368,-5.745592871248368,0.0,0.0,0.0,313.00969985284667
11,2022-01-31,317.6891989869499,278.9189373050593,355.50170079015084,317.6891989869499,317.6891989869499,-1.3388239440304754,-1.3388239440304754,-1.3388239440304754,-1.3388239440304754,-1.3388239440304754,-1.3388239440304754,0.0,0.0,0.0,316.35037504291944
12,2022-02-01,317.3338344079015,273.8514239207998,350.2426209390265,317.3338344079015,317.3338344079015,-4.373080797677793,-4.373080797677793,-4.373080797677793,-4.373080797677793,-4.373080797677793,-4.373080797677793,0.0,0.0,0.0,312.9607536102237
13,2022-02-02,316.9784698288532,274.7462004946133,349.2297764262956,316.9784698288532,316.9784698288532,-3.540678486623499,-3.540678486623499,-3.540678486623499,-3.540678486623499,-3.540678486623499,-3.540678486623499,0.0,0.0,0.0,313.4377913422297
14,2022-02-03,316.6231052498048,274.10946417130657,350.25415741198617,316.6231052498048,316.6231052498048,-4.219611184207232,-4.219611184207232,-4.219611184207232,-4.219611184207232,-4.219611184207232,-4.219611184207232,0.0,0.0,0.0,312.40349406559756
15,2022-02-04,316.2677406707564,273.74747762639726,346.88824429456673,316.2677406707564,316.2677406707564,-5.74559287127816,-5.74559287127816,-5.74559287127816,-5.74559287127816,-5.74559287127816,-5.74559287127816,0.0,0.0,0.0,310.5221477994782
16,2022-02-07,315.20164693361124,274.1900838698323,351.15467122458455,315.20164693361124,315.20164693361124,-1.3388239440291194,-1.3388239440291194,-1.3388239440291194,-1.3388239440291194,-1.3388239440291194,-1.3388239440291194,0.0,0.0,0.0,313.8628229895821
17,2022-02-08,314.8462823737794,272.6696325974423,346.2529887706536,314.8462823737794,314.8462823737794,-4.373080797673514,-4.373080797673514,-4.373080797673514,-4.373080797673514,-4.373080797673514,-4.373080797673514,0.0,0.0,0.0,310.47320157610585
18,2022-02-09,314.49091781394753,276.044332383142,345.6050442607415,314.49091781394753,314.49091781394753,-3.5406784866178698,-3.5406784866178698,-3.5406784866178698,-3.5406784866178698,-3.5406784866178698,-3.5406784866178698,0.0,0.0,0.0,310.95023932732965
19,2022-02-10,314.13555325411573,274.0301220410939,345.3526544741624,314.13555325411573,314.13555325411573,-4.219611184194812,-4.219611184194812,-4.219611184194812,-4.219611184194812,-4.219611184194812,-4.219611184194812,0.0,0.0,0.0,309.9159420699209
20,2022-02-11,313.7801886942839,271.995548899618,344.44178290561837,313.7801886942839,313.7801886942839,-5.7455928712707856,-5.7455928712707856,-5.7455928712707856,-5.7455928712707856,-5.7455928712707856,-5.7455928712707856,0.0,0.0,0.0,308.0345958230131
21,2022-02-14,312.7140950147883,275.1031463065327,347.99336162966677,312.7140950147883,312.7140950147883,-1.3388239440396177,-1.3388239440396177,-1.3388239440396177,-1.3388239440396177,-1.3388239440396177,-1.3388239440396177,0.0,0.0,0.0,311.3752710707487
22,2022-02-15,312.35873045495646,272.5124109319768,342.7175501832598,312.35873045495646,312.35873045495646,-4.373080797679474,-4.373080797679474,-4.373080797679474,-4.373080797679474,-4.373080797679474,-4.373080797679474,0.0,0.0,0.0,307.985649657277
23,2022-02-16,312.0033658951246,272.16739483133273,344.74892014630285,312.0033658951246,312.0033658951246,-3.5406784866268413,-3.5406784866268413,-3.5406784866268413,-3.5406784866268413,-3.5406784866268413,-3.5406784866268413,0.0,0.0,0.0,308.46268740849774
24,2022-02-17,311.6480013352928,272.90712160914967,342.4121436005656,311.6480013352928,311.6480013352928,-4.219611184194899,-4.219611184194899,-4.219611184194899,-4.219611184194899,-4.219611184194899,-4.219611184194899,0.0,0.0,0.0,307.4283901510979
25,2022-02-18,311.2926367753334,269.9565669764444,341.5339146548174,311.2926367753334,311.2926367753334,-5.745592871266161,-5.745592871266161,-5.745592871266161,-5.745592871266161,-5.745592871266161,-5.745592871266161,0.0,0.0,0.0,305.5470439040672
26,2022-02-22,309.8711785354958,265.8967657579377,340.7577621137468,309.8711785354958,309.8711785354958,-4.373080797675195,-4.373080797675195,-4.373080797675195,-4.373080797675195,-4.373080797675195,-4.373080797675195,0.0,0.0,0.0,305.4980977378206
27,2022-02-23,309.5158139755364,267.709305869123,344.91561246096967,309.5158139755364,309.5158139755364,-3.540678486621214,-3.540678486621214,-3.540678486621214,-3.540678486621214,-3.540678486621214,-3.540678486621214,0.0,0.0,0.0,305.97513548891516
28,2022-02-24,309.1604494155769,269.3143671182473,340.9698822179675,309.1604494155769,309.1604494155769,-4.219611184200039,-4.219611184200039,-4.219611184200039,-4.219611184200039,-4.219611184200039,-4.219611184200039,0.0,0.0,0.0,304.94083823137686
29,2022-02-25,308.8050848556175,265.36428415654274,342.3453522232892,308.8050848556175,308.8050848556175,-5.745592871258786,-5.745592871258786,-5.745592871258786,-5.745592871258786,-5.745592871258786,-5.745592871258786,0.0,0.0,0.0,303.0594919843587
30,2022-02-28,307.73899117573933,267.46185681405393,340.8383703422697,307.73899117573933,307.73899117573933,-1.3388239440606147,-1.3388239440606147,-1.3388239440606147,-1.3388239440606147,-1.3388239440606147,-1.3388239440606147,0.0,0.0,0.0,306.4001672316787
31,2022-03-01,307.3836266157799,266.6049336786165,338.2958240152882,307.3836266157799,307.3836266157799,-4.373080797681546,-4.373080797681546,-4.373080797681546,-4.373080797681546,-4.373080797681546,-4.373080797681546,0.0,0.0,0.0,303.01054581809836
32,2022-03-02,307.02826205582056,264.43389335960904,338.9846846912658,307.02826205582056,307.02826205582056,-3.5406784866228858,-3.5406784866228858,-3.5406784866228858,-3.5406784866228858,-3.5406784866228858,-3.5406784866228858,0.0,0.0,0.0,303.4875835691977
33,2022-03-03,306.6728974735814,265.8084527316085,339.8812137698173,306.6728974735814,306.6728974735814,-4.2196111841850925,-4.2196111841850925,-4.2196111841850925,-4.2196111841850925,-4.2196111841850925,-4.2196111841850925,0.0,0.0,0.0,302.45328628939626
34,2022-03-04,306.3175328913422,263.13601185759194,337.3773082119013,306.3175328913422,306.3175328913422,-5.7455928712541615,-5.7455928712541615,-5.7455928712541615,-5.7455928712541615,-5.7455928712541615,-5.7455928712541615,0.0,0.0,0.0,300.571940020088
35,2022-03-07,305.2514391446246,266.9545215120111,338.61930152263466,305.2514391446246,305.2514391446246,-1.3388239440592584,-1.3388239440592584,-1.3388239440592584,-1.3388239440592584,-1.3388239440592584,-1.3388239440592584,0.0,0.0,0.0,303.91261520056537
36,2022-03-08,304.8960745623855,262.06899459414933,336.82257742319274,304.8960745623855,304.8960745623855,-4.373080797677267,-4.373080797677267,-4.373080797677267,-4.373080797677267,-4.373080797677267,-4.373080797677267,0.0,0.0,0.0,300.5229937647082
37,2022-03-09,304.5407099801463,261.2865420573562,338.2672814073936,304.5407099801463,304.5407099801463,-3.5406784866245027,-3.5406784866245027,-3.5406784866245027,-3.5406784866245027,-3.5406784866245027,-3.5406784866245027,0.0,0.0,0.0,301.00003149352176
38,2022-03-10,304.1853453979071,263.7924109113596,338.54207874827193,304.1853453979071,304.1853453979071,-4.219611184187706,-4.219611184187706,-4.219611184187706,-4.219611184187706,-4.219611184187706,-4.219611184187706,0.0,0.0,0.0,299.9657342137194
39,2022-03-11,303.8299808156679,260.92400657058477,335.6237401136572,303.8299808156679,303.8299808156679,-5.745592871244039,-5.745592871244039,-5.745592871244039,-5.745592871244039,-5.745592871244039,-5.745592871244039,0.0,0.0,0.0,298.0843879444239
40,2022-03-14,302.7638870689504,261.5321657822117,339.1943123984549,302.7638870689504,302.7638870689504,-1.3388239440268,-1.3388239440268,-1.3388239440268,-1.3388239440268,-1.3388239440268,-1.3388239440268,0.0,0.0,0.0,301.4250631249236
41,2022-03-15,302.4085220928947,260.57816036898316,333.20623471319874,302.4085220928947,302.4085220928947,-4.373080797683619,-4.373080797683619,-4.373080797683619,-4.373080797683619,-4.373080797683619,-4.373080797683619,0.0,0.0,0.0,298.0354412952111
42,2022-03-16,302.05315711683903,262.7393814728812,333.8682915531489,302.05315711683903,302.05315711683903,-3.540678486626173,-3.540678486626173,-3.540678486626173,-3.540678486626173,-3.540678486626173,-3.540678486626173,0.0,0.0,0.0,298.51247863021285
43,2022-03-17,301.6977921407834,261.3790455079223,335.4129154453805,301.6977921407834,301.6977921407834,-4.2196111841903186,-4.2196111841903186,-4.2196111841903186,-4.2196111841903186,-4.2196111841903186,-4.2196111841903186,0.0,0.0,0.0,297.47818095659306
44,2022-03-18,301.3424271647278,258.5104327262887,330.2511874700954,301.3424271647278,301.3424271647278,-5.745592871239414,-5.745592871239414,-5.745592871239414,-5.745592871239414,-5.745592871239414,-5.745592871239414,0.0,0.0,0.0,295.59683429348837
45,2022-03-21,300.27633223656085,260.13351318140644,335.5655135124268,300.27633223656085,300.27633223656085,-1.338823944037299,-1.338823944037299,-1.338823944037299,-1.338823944037299,-1.338823944037299,-1.338823944037299,0.0,0.0,0.0,298.93750829252355
46,2022-03-22,299.92096726050517,258.64859802513206,332.41822934390325,299.92096726050517,299.92096726050517,-4.37308079766871,-4.37308079766871,-4.37308079766871,-4.37308079766871,-4.37308079766871,-4.37308079766871,0.0,0.0,0.0,295.54788646283646
47,2022-03-23,299.5656022844495,258.03781064353586,333.556431647162,299.5656022844495,299.5656022844495,-3.5406784866278462,-3.5406784866278462,-3.5406784866278462,-3.5406784866278462,-3.5406784866278462,-3.5406784866278462,0.0,0.0,0.0,296.02492379782166
48,2022-03-24,299.2102373083939,256.45396143926,329.30719143577414,299.2102373083939,299.2102373083939,-4.219611184195458,-4.219611184195458,-4.219611184195458,-4.219611184195458,-4.219611184195458,-4.219611184195458,0.0,0.0,0.0,294.99062612419846
49,2022-03-25,298.85259553444786,256.11157094856543,330.3905465441645,298.85259553444786,298.85259553444786,-5.7455928712692055,-5.7455928712692055,-5.7455928712692055,-5.7455928712692055,-5.7455928712692055,-5.7455928712692055,0.0,0.0,0.0,293.10700266317866
50,2022-03-28,297.77967021260963,261.0641154808717,332.98798642429057,297.77967021260963,297.77967021260963,-1.338823944047796,-1.338823944047796,-1.338823944047796,-1.338823944047796,-1.338823944047796,-1.338823944047796,0.0,0.0,0.0,296.4408462685618
51,2022-03-29,297.4220284386636,254.1873217817803,330.6702334562407,297.4220284386636,297.4220284386636,-4.373080797675061,-4.373080797675061,-4.373080797675061,-4.373080797675061,-4.373080797675061,-4.373080797675061,0.0,0.0,0.0,293.0489476409885
52,2022-03-30,297.0643866647175,257.5592768005818,329.36883367791404,297.0643866647175,297.0643866647175,-3.5406784866294636,-3.5406784866294636,-3.5406784866294636,-3.5406784866294636,-3.5406784866294636,-3.5406784866294636,0.0,0.0,0.0,293.52370817808804
53,2022-03-31,296.70674489077146,255.6157342782116,329.03247260095924,296.70674489077146,296.70674489077146,-4.2196111842005966,-4.2196111842005966,-4.2196111842005966,-4.2196111842005966,-4.2196111842005966,-4.2196111842005966,0.0,0.0,0.0,292.4871337065709
54,2022-04-01,296.3491031168254,253.40635125286548,328.1122422065872,296.3491031168254,296.3491031168254,-5.745592871261832,-5.745592871261832,-5.745592871261832,-5.745592871261832,-5.745592871261832,-5.745592871261832,0.0,0.0,0.0,290.6035102455636
55,2022-04-04,295.27617779498723,258.37481709855285,331.72083492857104,295.27617779498723,295.27617779498723,-1.3388239440464411,-1.3388239440464411,-1.3388239440464411,-1.3388239440464411,-1.3388239440464411,-1.3388239440464411,0.0,0.0,0.0,293.9373538509408
56,2022-04-05,294.9185360210412,254.18220614265266,327.4662549288199,294.9185360210412,294.9185360210412,-4.373080797681021,-4.373080797681021,-4.373080797681021,-4.373080797681021,-4.373080797681021,-4.373080797681021,0.0,0.0,0.0,290.54545522336014
57,2022-04-06,294.5515178776639,253.397613641163,330.1596324557523,294.5515178776639,294.5515178776639,-3.5406784866238348,-3.5406784866238348,-3.5406784866238348,-3.5406784866238348,-3.5406784866238348,-3.5406784866238348,0.0,0.0,0.0,291.01083939104007
58,2022-04-07,294.1844997342866,252.44677928401532,325.59683580258496,294.1844997342866,294.1844997342866,-4.2196111842032105,-4.2196111842032105,-4.2196111842032105,-4.2196111842032105,-4.2196111842032105,-4.2196111842032105,0.0,0.0,0.0,289.9648885500834
59,2022-04-08,293.81748159090927,248.7666676921908,324.36200745924884,293.81748159090927,293.81748159090927,-5.745592871254457,-5.745592871254457,-5.745592871254457,-5.745592871254457,-5.745592871254457,-5.745592871254457,0.0,0.0,0.0,288.0718887196548
60,2022-04-11,292.7164271607774,255.3103472370183,330.97633174513027,292.7164271607774,292.7164271607774,-1.3388239440450855,-1.3388239440450855,-1.3388239440450855,-1.3388239440450855,-1.3388239440450855,-1.3388239440450855,0.0,0.0,0.0,291.3776032167323
61,2022-04-12,292.3494090174001,253.58993849946148,324.627990434871,292.3494090174001,292.3494090174001,-4.373080797676741,-4.373080797676741,-4.373080797676741,-4.373080797676741,-4.373080797676741,-4.373080797676741,0.0,0.0,0.0,287.97632821972337
62,2022-04-13,291.9823908740228,252.5668994860319,327.0961322637286,291.9823908740228,291.9823908740228,-3.540678486632807,-3.540678486632807,-3.540678486632807,-3.540678486632807,-3.540678486632807,-3.540678486632807,0.0,0.0,0.0,288.44171238739
63,2022-04-14,291.61537273064556,248.70648313697433,320.34503429636754,291.61537273064556,291.61537273064556,-4.219611184205824,-4.219611184205824,-4.219611184205824,-4.219611184205824,-4.219611184205824,-4.219611184205824,0.0,0.0,0.0,287.39576154643976
64,2022-04-18,290.1473001571363,253.6758016955692,324.16477188758967,290.1473001571363,290.1473001571363,-1.3388239440555845,-1.3388239440555845,-1.3388239440555845,-1.3388239440555845,-1.3388239440555845,-1.3388239440555845,0.0,0.0,0.0,288.8084762130807
65,2022-04-19,289.77985118794663,247.347558085226,321.0801247639102,289.77985118794663,289.77985118794663,-4.373080797672462,-4.373080797672462,-4.373080797672462,-4.373080797672462,-4.373080797672462,-4.373080797672462,0.0,0.0,0.0,285.4067703902742
66,2022-04-20,289.4124022187569,247.9585307026597,320.9965764684702,289.4124022187569,289.4124022187569,-3.5406784866271783,-3.5406784866271783,-3.5406784866271783,-3.5406784866271783,-3.5406784866271783,-3.5406784866271783,0.0,0.0,0.0,285.8717237321297
67,2022-04-21,289.04495324956713,245.01279753096608,320.68186739334715,289.04495324956713,289.04495324956713,-4.219611184190879,-4.219611184190879,-4.219611184190879,-4.219611184190879,-4.219611184190879,-4.219611184190879,0.0,0.0,0.0,284.8253420653763
68,2022-04-22,288.67750428037743,245.01599913807195,322.2552312798476,288.67750428037743,288.67750428037743,-5.745592871276874,-5.745592871276874,-5.745592871276874,-5.745592871276874,-5.745592871276874,-5.745592871276874,0.0,0.0,0.0,282.93191140910056
69,2022-04-25,287.57515737280823,249.96057225777204,323.4186268148306,287.57515737280823,287.57515737280823,-1.3388239440660819,-1.3388239440660819,-1.3388239440660819,-1.3388239440660819,-1.3388239440660819,-1.3388239440660819,0.0,0.0,0.0,286.23633342874217
70,2022-04-26,287.2077084036185,247.21673838153,318.8934375363368,287.2077084036185,287.2077084036185,-4.373080797678422,-4.373080797678422,-4.373080797678422,-4.373080797678422,-4.373080797678422,-4.373080797678422,0.0,0.0,0.0,282.83462760594006
71,2022-04-27,286.8402594344288,244.82366509853975,319.34795823401447,286.8402594344288,286.8402594344288,-3.5406784866288503,-3.5406784866288503,-3.5406784866288503,-3.5406784866288503,-3.5406784866288503,-3.5406784866288503,0.0,0.0,0.0,283.29958094779994
72,2022-04-28,286.4728104652391,243.20474673958137,320.0217898396956,286.4728104652391,286.4728104652391,-4.219611184196016,-4.219611184196016,-4.219611184196016,-4.219611184196016,-4.219611184196016,-4.219611184196016,0.0,0.0,0.0,282.25319928104307
73,2022-04-29,286.1053614798381,243.07401956937335,317.97924412340916,286.1053614798381,286.1053614798381,-5.74559287127225,-5.74559287127225,-5.74559287127225,-5.74559287127225,-5.74559287127225,-5.74559287127225,0.0,0.0,0.0,280.35976860856584
74,2022-05-02,285.0030145236352,248.57833200992482,319.17697396413547,285.0030145236352,285.0030145236352,-1.3388239440336234,-1.3388239440336234,-1.3388239440336234,-1.3388239440336234,-1.3388239440336234,-1.3388239440336234,0.0,0.0,0.0,283.6641905796016
75,2022-05-03,284.63556553823423,242.56196278493533,318.73824883767617,284.63556553823423,284.63556553823423,-4.373080797674144,-4.373080797674144,-4.373080797674144,-4.373080797674144,-4.373080797674144,-4.373080797674144,0.0,0.0,0.0,280.26248474056007
76,2022-05-04,284.26811655283325,244.58283453868012,318.1300066451064,284.26811655283325,284.26811655283325,-3.54067848662322,-3.54067848662322,-3.54067848662322,-3.54067848662322,-3.54067848662322,-3.54067848662322,0.0,0.0,0.0,280.72743806621
77,2022-05-05,283.90066756743227,245.91553307335639,318.3979111980109,283.90066756743227,283.90066756743227,-4.219611184196105,-4.219611184196105,-4.219611184196105,-4.219611184196105,-4.219611184196105,-4.219611184196105,0.0,0.0,0.0,279.6810563832362
78,2022-05-06,283.5332185820313,241.00486463155985,315.8437338977392,283.5332185820313,283.5332185820313,-5.745592871262127,-5.745592871262127,-5.745592871262127,-5.745592871262127,-5.745592871262127,-5.745592871262127,0.0,0.0,0.0,277.78762571076913
79,2022-05-09,282.4308716258284,243.54836941158575,317.5045232104228,282.4308716258284,282.4308716258284,-1.3388239440441216,-1.3388239440441216,-1.3388239440441216,-1.3388239440441216,-1.3388239440441216,-1.3388239440441216,0.0,0.0,0.0,281.09204768178427
80,2022-05-10,282.0634226404274,241.2011165827294,316.0383959207313,282.0634226404274,282.0634226404274,-4.373080797680495,-4.373080797680495,-4.373080797680495,-4.373080797680495,-4.373080797680495,-4.373080797680495,0.0,0.0,0.0,277.69034184274693
81,2022-05-11,281.6959736548822,240.40248496355497,315.8261895114798,281.6959736548822,281.6959736548822,-3.5406784866248935,-3.5406784866248935,-3.5406784866248935,-3.5406784866248935,-3.5406784866248935,-3.5406784866248935,0.0,0.0,0.0,278.15529516825734
82,2022-05-12,281.32852466933707,238.3635572535856,313.9784979563157,281.32852466933707,281.32852466933707,-4.219611184201243,-4.219611184201243,-4.219611184201243,-4.219611184201243,-4.219611184201243,-4.219611184201243,0.0,0.0,0.0,277.1089134851358
83,2022-05-13,280.96107568379193,234.96354900136157,309.629001881466,280.96107568379193,280.96107568379193,-5.745592871257501,-5.745592871257501,-5.745592871257501,-5.745592871257501,-5.745592871257501,-5.745592871257501,0.0,0.0,0.0,275.21548281253445
84,2022-05-16,279.85872872715646,242.55044101071428,314.43272208321656,279.85872872715646,279.85872872715646,-1.3388239440546195,-1.3388239440546195,-1.3388239440546195,-1.3388239440546195,-1.3388239440546195,-1.3388239440546195,0.0,0.0,0.0,278.5199047831018
85,2022-05-17,279.4912797416113,236.75841941843828,312.8380596239648,279.4912797416113,279.4912797416113,-4.373080797665585,-4.373080797665585,-4.373080797665585,-4.373080797665585,-4.373080797665585,-4.373080797665585,0.0,0.0,0.0,275.11819894394574
86,2022-05-18,279.1238307560662,238.84967534239985,310.11982010297436,279.1238307560662,279.1238307560662,-3.5406784866265095,-3.5406784866265095,-3.5406784866265095,-3.5406784866265095,-3.5406784866265095,-3.5406784866265095,0.0,0.0,0.0,275.58315226943967
87,2022-05-19,278.75638177052105,238.93599017123623,313.0844244883325,278.75638177052105,278.75638177052105,-4.219611184203857,-4.219611184203857,-4.219611184203857,-4.219611184203857,-4.219611184203857,-4.219611184203857,0.0,0.0,0.0,274.5367705863172
88,2022-05-20,278.3889327849759,234.73778766539965,308.2074519234283,278.3889327849759,278.3889327849759,-5.745592871252876,-5.745592871252876,-5.745592871252876,-5.745592871252876,-5.745592871252876,-5.745592871252876,0.0,0.0,0.0,272.643339913723
89,2022-05-23,277.2865860545556,239.74680328517755,315.71704420070887,277.2865860545556,277.2865860545556,-1.3388239440103082,-1.3388239440103082,-1.3388239440103082,-1.3388239440103082,-1.3388239440103082,-1.3388239440103082,0.0,0.0,0.0,275.9477621105453
90,2022-05-24,276.9191371444155,232.7453583148231,306.49456978655127,276.9191371444155,276.9191371444155,-4.373080797671937,-4.373080797671937,-4.373080797671937,-4.373080797671937,-4.373080797671937,-4.373080797671937,0.0,0.0,0.0,272.54605634674357
91,2022-05-25,276.55168823427545,235.72740304306427,307.27331584314834,276.55168823427545,276.55168823427545,-3.5406784866281824,-3.5406784866281824,-3.5406784866281824,-3.5406784866281824,-3.5406784866281824,-3.5406784866281824,0.0,0.0,0.0,273.0110097476473
92,2022-05-26,276.1842393241353,234.9498393494497,311.9765106471352,276.1842393241353,276.1842393241353,-4.21961118418891,-4.21961118418891,-4.21961118418891,-4.21961118418891,-4.21961118418891,-4.21961118418891,0.0,0.0,0.0,271.9646281399464
93,2022-05-27,275.81679041399525,230.23153714916032,306.5266394701454,275.81679041399525,275.81679041399525,-5.745592871245503,-5.745592871245503,-5.745592871245503,-5.745592871245503,-5.745592871245503,-5.745592871245503,0.0,0.0,0.0,270.07119754274976
94,2022-05-31,274.34699477343486,232.17901412272926,307.6004675666428,274.34699477343486,274.34699477343486,-4.373080797678288,-4.373080797678288,-4.373080797678288,-4.373080797678288,-4.373080797678288,-4.373080797678288,0.0,0.0,0.0,269.97391397575655
95,2022-06-01,273.97954586329473,235.28374343081396,311.04812012561007,273.97954586329473,273.97954586329473,-3.540678486622553,-3.540678486622553,-3.540678486622553,-3.540678486622553,-3.540678486622553,-3.540678486622553,0.0,0.0,0.0,270.4388673766722
96,2022-06-02,273.61209695315466,234.84274618863117,306.3854620042818,273.61209695315466,273.61209695315466,-4.219611184191524,-4.219611184191524,-4.219611184191524,-4.219611184191524,-4.219611184191524,-4.219611184191524,0.0,0.0,0.0,269.3924857689631
97,2022-06-03,273.4027905644393,230.3150320279752,303.09404340466654,273.4027905644393,273.4027905644393,-5.745592871278044,-5.745592871278044,-5.745592871278044,-5.745592871278044,-5.745592871278044,-5.745592871278044,0.0,0.0,0.0,267.6571976931612
98,2022-06-06,272.77487139829293,234.6987970805248,306.93429408497474,272.77487139829293,272.77487139829293,-1.3388239440313037,-1.3388239440313037,-1.3388239440313037,-1.3388239440313037,-1.3388239440313037,-1.3388239440313037,0.0,0.0,0.0,271.43604745426165
99,2022-06-07,272.5655650095775,230.6322481269473,304.9272640656235,272.5655650095775,272.5655650095775,-4.373080797674009,-4.373080797674009,-4.373080797674009,-4.373080797674009,-4.373080797674009,-4.373080797674009,0.0,0.0,0.0,268.1924842119035
100,2022-06-08,272.35625862086204,232.06423980029183,305.5440476009119,272.35625862086204,272.35625862086204,-3.540678486631526,-3.540678486631526,-3.540678486631526,-3.540678486631526,-3.540678486631526,-3.540678486631526,0.0,0.0,0.0,268.8155801342305
101,2022-06-09,272.1469522321466,232.5398210467955,304.7763465553548,272.1469522321466,272.1469522321466,-4.219611184194138,-4.219611184194138,-4.219611184194138,-4.219611184194138,-4.219611184194138,-4.219611184194138,0.0,0.0,0.0,267.92734104795244
102,2022-06-10,271.9376458434312,228.8503755794873,303.9038152093334,271.9376458434312,271.9376458434312,-5.7455928712679185,-5.7455928712679185,-5.7455928712679185,-5.7455928712679185,-5.7455928712679185,-5.7455928712679185,0.0,0.0,0.0,266.19205297216325
103,2022-06-13,271.30972667728486,232.07338950321497,307.3407596149678,271.30972667728486,271.30972667728486,-1.338823944041802,-1.338823944041802,-1.338823944041802,-1.338823944041802,-1.338823944041802,-1.338823944041802,0.0,0.0,0.0,269.97090273324307
104,2022-06-14,271.1004202885694,229.28211238271564,302.53524795543376,271.1004202885694,271.1004202885694,-4.3730807976906,-4.3730807976906,-4.3730807976906,-4.3730807976906,-4.3730807976906,-4.3730807976906,0.0,0.0,0.0,266.7273394908788
105,2022-06-15,271.09679248823755,229.71179918956332,306.52307099972563,271.09679248823755,271.09679248823755,-3.5406784866258976,-3.5406784866258976,-3.5406784866258976,-3.5406784866258976,-3.5406784866258976,-3.5406784866258976,0.0,0.0,0.0,267.55611400161166
106,2022-06-16,271.0931646879057,229.44801019168926,301.3017549426531,271.0931646879057,271.0931646879057,-4.219611184196751,-4.219611184196751,-4.219611184196751,-4.219611184196751,-4.219611184196751,-4.219611184196751,0.0,0.0,0.0,266.87355350370893
107,2022-06-17,271.08953688757384,226.05541890100787,299.9874687915649,271.08953688757384,271.08953688757384,-5.745592871263295,-5.745592871263295,-5.745592871263295,-5.745592871263295,-5.745592871263295,-5.745592871263295,0.0,0.0,0.0,265.34394401631056
108,2022-06-21,271.0750256862463,229.22404877934068,301.09953715494413,271.0750256862463,271.0750256862463,-4.373080797675691,-4.373080797675691,-4.373080797675691,-4.373080797675691,-4.373080797675691,-4.373080797675691,0.0,0.0,0.0,266.7019448885706
109,2022-06-22,271.07139788591445,230.14848048794957,304.81750247687836,271.07139788591445,271.07139788591445,-3.540678486634815,-3.540678486634815,-3.540678486634815,-3.540678486634815,-3.540678486634815,-3.540678486634815,0.0,0.0,0.0,267.53071939927963
110,2022-06-23,271.06777008558254,227.7748415993524,301.9557143386393,271.06777008558254,271.06777008558254,-4.21961118420189,-4.21961118420189,-4.21961118420189,-4.21961118420189,-4.21961118420189,-4.21961118420189,0.0,0.0,0.0,266.84815890138066
111,2022-06-24,271.0641422852507,226.70526987065548,304.04794940491826,271.0641422852507,271.0641422852507,-5.745592871255921,-5.745592871255921,-5.745592871255921,-5.745592871255921,-5.745592871255921,-5.745592871255921,0.0,0.0,0.0,265.3185494139948
112,2022-06-27,271.053258884255,233.9418752101357,309.87348545070967,271.053258884255,271.053258884255,-1.3388239440627983,-1.3388239440627983,-1.3388239440627983,-1.3388239440627983,-1.3388239440627983,-1.3388239440627983,0.0,0.0,0.0,269.7144349401922
113,2022-06-28,271.1388659746026,228.33085813757077,303.5748771447709,271.1388659746026,271.1388659746026,-4.37308079768204,-4.37308079768204,-4.37308079768204,-4.37308079768204,-4.37308079768204,-4.37308079768204,0.0,0.0,0.0,266.76578517692053
114,2022-06-29,271.2244730649502,233.64225068310688,302.87139512210496,271.2244730649502,271.2244730649502,-3.540678486629186,-3.540678486629186,-3.540678486629186,-3.540678486629186,-3.540678486629186,-3.540678486629186,0.0,0.0,0.0,267.683794578321
115,2022-06-30,271.3100801552978,229.2412014503737,304.52939423121387,271.3100801552978,271.3100801552978,-4.219611184186944,-4.219611184186944,-4.219611184186944,-4.219611184186944,-4.219611184186944,-4.219611184186944,0.0,0.0,0.0,267.09046897111085
116,2022-07-01,271.3956872456453,227.29979251988914,302.8749643057345,271.3956872456453,271.3956872456453,-5.7455928712485465,-5.7455928712485465,-5.7455928712485465,-5.7455928712485465,-5.7455928712485465,-5.7455928712485465,0.0,0.0,0.0,265.65009437439676
117,2022-07-05,271.73811560703564,229.0263048495506,303.121303590476,271.73811560703564,271.73811560703564,-4.373080797677762,-4.373080797677762,-4.373080797677762,-4.373080797677762,-4.373080797677762,-4.373080797677762,0.0,0.0,0.0,267.3650348093579
118,2022-07-06,271.82372269738323,229.2553370105189,305.98588429417754,271.82372269738323,271.82372269738323,-3.5406784866235568,-3.5406784866235568,-3.5406784866235568,-3.5406784866235568,-3.5406784866235568,-3.5406784866235568,0.0,0.0,0.0,268.28304421075967
119,2022-07-07,271.9093297877308,230.16681853676798,302.73634079702157,271.9093297877308,271.9093297877308,-4.219611184192083,-4.219611184192083,-4.219611184192083,-4.219611184192083,-4.219611184192083,-4.219611184192083,0.0,0.0,0.0,267.6897186035387
120,2022-07-08,271.9949368780784,228.46679543635418,301.02369118035847,271.9949368780784,271.9949368780784,-5.745592871241173,-5.745592871241173,-5.745592871241173,-5.745592871241173,-5.745592871241173,-5.745592871241173,0.0,0.0,0.0,266.24934400683725
121,2022-07-11,272.251758072783,235.18463062771286,307.83935152900307,272.251758072783,272.251758072783,-1.338823944028984,-1.338823944028984,-1.338823944028984,-1.338823944028984,-1.338823944028984,-1.338823944028984,0.0,0.0,0.0,270.912934128754
122,2022-07-12,272.33736513768446,229.32555419579006,303.75699682486277,272.33736513768446,272.33736513768446,-4.373080797673483,-4.373080797673483,-4.373080797673483,-4.373080797673483,-4.373080797673483,-4.373080797673483,0.0,0.0,0.0,267.964284340011
123,2022-07-13,272.422972202586,234.6118939059722,307.4682067175257,272.422972202586,272.422972202586,-3.5406784866325296,-3.5406784866325296,-3.5406784866325296,-3.5406784866325296,-3.5406784866325296,-3.5406784866325296,0.0,0.0,0.0,268.88229371595344
124,2022-07-14,272.50857926748756,230.98350341947256,305.2067229476801,272.50857926748756,272.50857926748756,-4.21961118419217,-4.21961118419217,-4.21961118419217,-4.21961118419217,-4.21961118419217,-4.21961118419217,0.0,0.0,0.0,268.2889680832954
125,2022-07-15,272.5941863323891,231.21245471901034,305.97796808630824,272.5941863323891,272.5941863323891,-5.745592871236547,-5.745592871236547,-5.745592871236547,-5.745592871236547,-5.745592871236547,-5.745592871236547,0.0,0.0,0.0,266.8485934611525
126,2022-07-18,272.85100752709366,232.59222946845622,309.006558850787,272.85100752709366,272.85100752709366,-1.3388239440276293,-1.3388239440276293,-1.3388239440276293,-1.3388239440276293,-1.3388239440276293,-1.3388239440276293,0.0,0.0,0.0,271.512183583066
127,2022-07-19,272.9366145919952,229.0619223538825,305.30153330627815,272.9366145919952,272.9366145919952,-4.373080797679444,-4.373080797679444,-4.373080797679444,-4.373080797679444,-4.373080797679444,-4.373080797679444,0.0,0.0,0.0,268.56353379431573
128,2022-07-20,273.0222216568967,233.27300605380321,306.5291022863287,273.0222216568967,273.0222216568967,-3.5406784866269008,-3.5406784866269008,-3.5406784866269008,-3.5406784866269008,-3.5406784866269008,-3.5406784866269008,0.0,0.0,0.0,269.4815431702698
129,2022-07-21,273.10782872148616,232.93384908939336,306.6512866244641,273.10782872148616,273.10782872148616,-4.2196111841973085,-4.2196111841973085,-4.2196111841973085,-4.2196111841973085,-4.2196111841973085,-4.2196111841973085,0.0,0.0,0.0,268.8882175372888
130,2022-07-22,273.1934357860756,230.53203746965042,304.54800246545364,273.1934357860756,273.1934357860756,-5.74559287126634,-5.74559287126634,-5.74559287126634,-5.74559287126634,-5.74559287126634,-5.74559287126634,0.0,0.0,0.0,267.44784291480926
131,2022-07-25,273.450256979844,234.72424111877677,307.36359700959764,273.450256979844,273.450256979844,-1.3388239440499805,-1.3388239440499805,-1.3388239440499805,-1.3388239440499805,-1.3388239440499805,-1.3388239440499805,0.0,0.0,0.0,272.11143303579405
132,2022-07-26,273.53586404443354,229.76997240710426,305.35504653146415,273.53586404443354,273.53586404443354,-4.373080797675164,-4.373080797675164,-4.373080797675164,-4.373080797675164,-4.373080797675164,-4.373080797675164,0.0,0.0,0.0,269.16278324675835
133,2022-07-27,273.621471109023,231.67687946990029,307.902181953618,273.621471109023,273.621471109023,-3.5406784866285177,-3.5406784866285177,-3.5406784866285177,-3.5406784866285177,-3.5406784866285177,-3.5406784866285177,0.0,0.0,0.0,270.0807926223945
134,2022-07-28,273.70707817361244,230.90485581390948,307.82089876652805,273.70707817361244,273.70707817361244,-4.219611184202448,-4.219611184202448,-4.219611184202448,-4.219611184202448,-4.219611184202448,-4.219611184202448,0.0,0.0,0.0,269.48746698941
135,2022-07-29,273.7926852382019,230.1323282362045,306.66295538496445,273.7926852382019,273.7926852382019,-5.745592871261715,-5.745592871261715,-5.745592871261715,-5.745592871261715,-5.745592871261715,-5.745592871261715,0.0,0.0,0.0,268.0470923669402
136,2022-08-01,274.0495064319703,235.99400897882404,310.6446143723923,274.0495064319703,274.0495064319703,-1.3388239440486251,-1.3388239440486251,-1.3388239440486251,-1.3388239440486251,-1.3388239440486251,-1.3388239440486251,0.0,0.0,0.0,272.7106824879217
137,2022-08-02,274.1351135010196,230.04544437764127,303.9239699878001,274.1351135010196,274.1351135010196,-4.373080797670886,-4.373080797670886,-4.373080797670886,-4.373080797670886,-4.373080797670886,-4.373080797670886,0.0,0.0,0.0,269.7620327033487
138,2022-08-03,274.2207205700689,234.0685053810478,307.9301730554086,274.2207205700689,274.2207205700689,-3.540678486622889,-3.540678486622889,-3.540678486622889,-3.540678486622889,-3.540678486622889,-3.540678486622889,0.0,0.0,0.0,270.68004208344604
139,2022-08-04,274.30632763911825,236.70870650123933,307.1933828552243,274.30632763911825,274.30632763911825,-4.219611184202536,-4.219611184202536,-4.219611184202536,-4.219611184202536,-4.219611184202536,-4.219611184202536,0.0,0.0,0.0,270.0867164549157
140,2022-08-05,274.3919347081676,232.6853221251337,304.88231096908277,274.3919347081676,274.3919347081676,-5.745592871248841,-5.745592871248841,-5.745592871248841,-5.745592871248841,-5.745592871248841,-5.745592871248841,0.0,0.0,0.0,268.64634183691874
141,2022-08-08,274.6487559153155,235.92416198480964,313.1396135427439,274.6487559153155,274.6487559153155,-1.33882394404727,-1.33882394404727,-1.33882394404727,-1.33882394404727,-1.33882394404727,-1.33882394404727,0.0,0.0,0.0,273.30993197126827
142,2022-08-09,274.73436298436485,232.37176733625566,307.08537180431864,274.73436298436485,274.73436298436485,-4.373080797677236,-4.373080797677236,-4.373080797677236,-4.373080797677236,-4.373080797677236,-4.373080797677236,0.0,0.0,0.0,270.3612821866876
143,2022-08-10,274.8199700534141,234.17111782932093,305.524466142989,274.8199700534141,274.8199700534141,-3.540678486624561,-3.540678486624561,-3.540678486624561,-3.540678486624561,-3.540678486624561,-3.540678486624561,0.0,0.0,0.0,271.27929156678954
144,2022-08-11,274.90557712246346,233.60799667723077,304.1911173611784,274.90557712246346,274.90557712246346,-4.219611184207676,-4.219611184207676,-4.219611184207676,-4.219611184207676,-4.219611184207676,-4.219611184207676,0.0,0.0,0.0,270.6859659382558
145,2022-08-12,274.9911841045646,231.11988941243789,304.5360287345837,274.9911841045646,274.9911841045646,-5.745592871281382,-5.745592871281382,-5.745592871281382,-5.745592871281382,-5.745592871281382,-5.745592871281382,0.0,0.0,0.0,269.2455912332832
146,2022-08-15,275.2480050508681,234.49485665535528,310.07155594633974,275.2480050508681,275.2480050508681,-1.3388239440696212,-1.3388239440696212,-1.3388239440696212,-1.3388239440696212,-1.3388239440696212,-1.3388239440696212,0.0,0.0,0.0,273.9091811067984
147,2022-08-16,275.33361203296926,234.23113296409034,308.2003105191032,275.33361203296926,275.33361203296926,-4.373080797662327,-4.373080797662327,-4.373080797662327,-4.373080797662327,-4.373080797662327,-4.373080797662327,0.0,0.0,0.0,270.9605312353069
148,2022-08-17,275.4192190150704,235.25644766719364,306.4496547728596,275.4192190150704,275.4192190150704,-3.5406784866262333,-3.5406784866262333,-3.5406784866262333,-3.5406784866262333,-3.5406784866262333,-3.5406784866262333,0.0,0.0,0.0,271.87854052844415
149,2022-08-18,275.50482599717157,231.8806542966285,306.5434140959809,275.50482599717157,275.50482599717157,-4.219611184192729,-4.219611184192729,-4.219611184192729,-4.219611184192729,-4.219611184192729,-4.219611184192729,0.0,0.0,0.0,271.28521481297884
150,2022-08-19,275.5904329792727,234.6720116840589,307.1024878504795,275.5904329792727,275.5904329792727,-5.745592871274008,-5.745592871274008,-5.745592871274008,-5.745592871274008,-5.745592871274008,-5.745592871274008,0.0,0.0,0.0,269.84484010799866
151,2022-08-22,275.8472539255762,236.5248028391041,311.3088991503997,275.8472539255762,275.8472539255762,-1.3388239440253087,-1.3388239440253087,-1.3388239440253087,-1.3388239440253087,-1.3388239440253087,-1.3388239440253087,0.0,0.0,0.0,274.5084299815509
152,2022-08-23,275.93286090767737,235.0586975608323,310.0939491892668,275.93286090767737,275.93286090767737,-4.373080797678917,-4.373080797678917,-4.373080797678917,-4.373080797678917,-4.373080797678917,-4.373080797678917,0.0,0.0,0.0,271.5597801099984
153,2022-08-24,275.8106594780525,235.10702922597972,308.84214197828845,275.8106594780525,275.8106594780525,-3.540678486627905,-3.540678486627905,-3.540678486627905,-3.540678486627905,-3.540678486627905,-3.540678486627905,0.0,0.0,0.0,272.26998099142463
154,2022-08-25,275.6884580484276,232.5864226711337,307.45973817023196,275.6884580484276,275.6884580484276,-4.219611184197868,-4.219611184197868,-4.219611184197868,-4.219611184197868,-4.219611184197868,-4.219611184197868,0.0,0.0,0.0,271.46884686422976
155,2022-08-26,275.56625661880275,232.59730995654579,305.7936105163225,275.56625661880275,275.56625661880275,-5.745592871269382,-5.745592871269382,-5.745592871269382,-5.745592871269382,-5.745592871269382,-5.745592871269382,0.0,0.0,0.0,269.8206637475334
156,2022-08-29,275.1996523299282,233.70736663283128,309.4217190173698,275.1996523299282,275.1996523299282,-1.3388239440476608,-1.3388239440476608,-1.3388239440476608,-1.3388239440476608,-1.3388239440476608,-1.3388239440476608,0.0,0.0,0.0,273.86082838588055
157,2022-08-30,275.0774509003033,235.70605146382587,305.18410354764677,275.0774509003033,275.0774509003033,-4.373080797674639,-4.373080797674639,-4.373080797674639,-4.373080797674639,-4.373080797674639,-4.373080797674639,0.0,0.0,0.0,270.7043701026287
158,2022-08-31,274.95524947067844,238.1687317822018,310.7327479379517,274.95524947067844,274.95524947067844,-3.5406784866222765,-3.5406784866222765,-3.5406784866222765,-3.5406784866222765,-3.5406784866222765,-3.5406784866222765,0.0,0.0,0.0,271.4145709840562
159,2022-09-01,274.8330480410536,233.12636971320381,307.75007515390246,274.8330480410536,274.8330480410536,-4.219611184197957,-4.219611184197957,-4.219611184197957,-4.219611184197957,-4.219611184197957,-4.219611184197957,0.0,0.0,0.0,270.6134368568556
160,2022-09-02,274.71084661142874,231.83050766196178,304.7343544310926,274.71084661142874,274.71084661142874,-5.745592871264759,-5.745592871264759,-5.745592871264759,-5.745592871264759,-5.745592871264759,-5.745592871264759,0.0,0.0,0.0,268.965253740164
161,2022-09-06,272.97260450739503,233.73022054261332,305.3213662003649,272.97260450739503,272.97260450739503,-4.3730807976809905,-4.3730807976809905,-4.3730807976809905,-4.3730807976809905,-4.3730807976809905,-4.3730807976809905,0.0,0.0,0.0,268.59952370971405
162,2022-09-07,272.5380439813866,230.98195295108437,304.40493348809434,272.5380439813866,272.5380439813866,-3.5406784866312484,-3.5406784866312484,-3.5406784866312484,-3.5406784866312484,-3.5406784866312484,-3.5406784866312484,0.0,0.0,0.0,268.99736549475534
163,2022-09-08,272.1034834553782,230.6849121048956,305.35447170592147,272.1034834553782,272.1034834553782,-4.21961118418301,-4.21961118418301,-4.21961118418301,-4.21961118418301,-4.21961118418301,-4.21961118418301,0.0,0.0,0.0,267.8838722711952
164,2022-09-09,271.66892292936967,227.32165180176457,302.0471635386243,271.66892292936967,271.66892292936967,-5.745592871254636,-5.745592871254636,-5.745592871254636,-5.745592871254636,-5.745592871254636,-5.745592871254636,0.0,0.0,0.0,265.923330058115
165,2022-09-12,270.3652413513444,230.29962976481278,304.00708502877615,270.3652413513444,270.3652413513444,-1.3388239440568037,-1.3388239440568037,-1.3388239440568037,-1.3388239440568037,-1.3388239440568037,-1.3388239440568037,0.0,0.0,0.0,269.0264174072876
166,2022-09-13,269.93068082533597,230.00670465477998,301.769080229906,269.93068082533597,269.93068082533597,-4.37308079768734,-4.37308079768734,-4.37308079768734,-4.37308079768734,-4.37308079768734,-4.37308079768734,0.0,0.0,0.0,265.5576000276486
167,2022-09-14,269.4961202993276,229.1819410576255,304.734994604517,269.4961202993276,269.4961202993276,-3.5406784866255645,-3.5406784866255645,-3.5406784866255645,-3.5406784866255645,-3.5406784866255645,-3.5406784866255645,0.0,0.0,0.0,265.955441812702
168,2022-09-15,269.0615597733192,228.38186783212845,296.8049686681644,269.0615597733192,269.0615597733192,-4.219611184185624,-4.219611184185624,-4.219611184185624,-4.219611184185624,-4.219611184185624,-4.219611184185624,0.0,0.0,0.0,264.84194858913355
169,2022-09-16,268.2402668453381,223.31001973771941,299.6277856759721,268.2402668453381,268.2402668453381,-5.74559287125001,-5.74559287125001,-5.74559287125001,-5.74559287125001,-5.74559287125001,-5.74559287125001,0.0,0.0,0.0,262.49467397408813
170,2022-09-19,265.77638806139504,228.08647012729256,300.005290576131,265.77638806139504,265.77638806139504,-1.3388239440243448,-1.3388239440243448,-1.3388239440243448,-1.3388239440243448,-1.3388239440243448,-1.3388239440243448,0.0,0.0,0.0,264.4375641173707
171,2022-09-20,264.95509513341403,221.81852393013438,294.77081683660606,264.95509513341403,264.95509513341403,-4.373080797672432,-4.373080797672432,-4.373080797672432,-4.373080797672432,-4.373080797672432,-4.373080797672432,0.0,0.0,0.0,260.5820143357416
172,2022-09-21,264.133802205433,225.56507173915855,297.2866565278764,264.133802205433,264.133802205433,-3.540678486627237,-3.540678486627237,-3.540678486627237,-3.540678486627237,-3.540678486627237,-3.540678486627237,0.0,0.0,0.0,260.59312371880577
173,2022-09-22,263.31250927745197,220.5858735191135,294.39199040576625,263.31250927745197,263.31250927745197,-4.219611184190763,-4.219611184190763,-4.219611184190763,-4.219611184190763,-4.219611184190763,-4.219611184190763,0.0,0.0,0.0,259.0928980932612
174,2022-09-23,262.4912163494709,219.51425017294878,291.2224525167027,262.4912163494709,262.4912163494709,-5.7455928712426365,-5.7455928712426365,-5.7455928712426365,-5.7455928712426365,-5.7455928712426365,-5.7455928712426365,0.0,0.0,0.0,256.74562347822825
175,2022-09-26,260.02733756552783,222.44549859929467,295.04442064852356,260.02733756552783,260.02733756552783,-1.3388239440348433,-1.3388239440348433,-1.3388239440348433,-1.3388239440348433,-1.3388239440348433,-1.3388239440348433,0.0,0.0,0.0,258.688513621493
176,2022-09-27,259.20604463754677,216.04594420169082,292.7416832367179,259.20604463754677,259.20604463754677,-4.373080797678783,-4.373080797678783,-4.373080797678783,-4.373080797678783,-4.373080797678783,-4.373080797678783,0.0,0.0,0.0,254.83296383986797
177,2022-09-28,258.08219335723703,216.94650262164393,291.49188717598105,258.08219335723703,258.08219335723703,-3.5406784866216094,-3.5406784866216094,-3.5406784866216094,-3.5406784866216094,-3.5406784866216094,-3.5406784866216094,0.0,0.0,0.0,254.54151487061543
178,2022-09-29,256.9583420769272,216.51456639833336,287.7991963311381,256.9583420769272,256.9583420769272,-4.219611184193376,-4.219611184193376,-4.219611184193376,-4.219611184193376,-4.219611184193376,-4.219611184193376,0.0,0.0,0.0,252.7387308927338
179,2022-09-30,255.8344907966174,213.92111458471044,288.9361413273093,255.8344907966174,255.8344907966174,-5.745592871272428,-5.745592871272428,-5.745592871272428,-5.745592871272428,-5.745592871272428,-5.745592871272428,0.0,0.0,0.0,250.08889792534495
180,2022-10-03,252.46293695568795,214.40684881415893,287.0126410476727,252.46293695568795,252.46293695568795,-1.3388239440334877,-1.3388239440334877,-1.3388239440334877,-1.3388239440334877,-1.3388239440334877,-1.3388239440334877,0.0,0.0,0.0,251.12411301165446
181,2022-10-04,251.3390856753782,212.21408402318679,283.06535102072314,251.3390856753782,251.3390856753782,-4.373080797674504,-4.373080797674504,-4.373080797674504,-4.373080797674504,-4.373080797674504,-4.373080797674504,0.0,0.0,0.0,246.96600487770368
182,2022-10-05,250.2152343950684,211.25177119949484,284.4178463667542,250.2152343950684,250.2152343950684,-3.5406784866305254,-3.5406784866305254,-3.5406784866305254,-3.5406784866305254,-3.5406784866305254,-3.5406784866305254,0.0,0.0,0.0,246.67455590843787
183,2022-10-06,249.09138311475863,208.4318631405406,279.59497087957254,249.09138311475863,249.09138311475863,-4.219611184198515,-4.219611184198515,-4.219611184198515,-4.219611184198515,-4.219611184198515,-4.219611184198515,0.0,0.0,0.0,244.8717719305601
184,2022-10-07,247.96753183444886,205.88357856903534,280.3739782580155,247.96753183444886,247.96753183444886,-5.745592871265053,-5.745592871265053,-5.745592871265053,-5.745592871265053,-5.745592871265053,-5.745592871265053,0.0,0.0,0.0,242.22193896318382
185,2022-10-10,244.1410609082044,205.00084285693015,282.0773932280835,244.1410609082044,244.1410609082044,-1.3388239440439855,-1.3388239440439855,-1.3388239440439855,-1.3388239440439855,-1.3388239440439855,-1.3388239440439855,0.0,0.0,0.0,242.80223696416041
186,2022-10-11,242.86557059945628,202.48368258090716,274.9972313959751,242.86557059945628,242.86557059945628,-4.373080797680464,-4.373080797680464,-4.373080797680464,-4.373080797680464,-4.373080797680464,-4.373080797680464,0.0,0.0,0.0,238.4924898017758
187,2022-10-12,241.59008029070804,202.57810424434948,277.3155749189711,241.59008029070804,241.59008029070804,-3.540678486632197,-3.540678486632197,-3.540678486632197,-3.540678486632197,-3.540678486632197,-3.540678486632197,0.0,0.0,0.0,238.04940180407584
188,2022-10-13,240.3145899819599,199.41927472677733,274.60390898469757,240.3145899819599,240.3145899819599,-4.219611184198602,-4.219611184198602,-4.219611184198602,-4.219611184198602,-4.219611184198602,-4.219611184198602,0.0,0.0,0.0,236.09497879776129
189,2022-10-14,239.03909967321178,198.08686893442888,270.65080309622556,239.03909967321178,239.03909967321178,-5.745592871260429,-5.745592871260429,-5.745592871260429,-5.745592871260429,-5.745592871260429,-5.745592871260429,0.0,0.0,0.0,233.29350680195134
190,2022-10-17,235.21262874696734,196.45278715190062,270.7165907340863,235.21262874696734,235.21262874696734,-1.3388239440426308,-1.3388239440426308,-1.3388239440426308,-1.3388239440426308,-1.3388239440426308,-1.3388239440426308,0.0,0.0,0.0,233.8738048029247
191,2022-10-18,233.93713843821916,190.3512571301377,266.83770751470183,233.93713843821916,233.93713843821916,-4.3730807976761845,-4.3730807976761845,-4.3730807976761845,-4.3730807976761845,-4.3730807976761845,-4.3730807976761845,0.0,0.0,0.0,229.56405764054298
192,2022-10-19,232.66164812947096,192.28220193727532,266.938909804464,232.66164812947096,232.66164812947096,-3.5406784866338694,-3.5406784866338694,-3.5406784866338694,-3.5406784866338694,-3.5406784866338694,-3.5406784866338694,0.0,0.0,0.0,229.12096964283708
193,2022-10-20,231.3861577979492,193.73242651563925,263.9840045317986,231.3861577979492,231.3861577979492,-4.2196111842037425,-4.2196111842037425,-4.2196111842037425,-4.2196111842037425,-4.2196111842037425,-4.2196111842037425,0.0,0.0,0.0,227.16654661374548
194,2022-10-21,230.11066746642743,188.36794915113225,262.5686616821352,230.11066746642743,230.11066746642743,-5.745592871253054,-5.745592871253054,-5.745592871253054,-5.745592871253054,-5.745592871253054,-5.745592871253054,0.0,0.0,0.0,224.36507459517438
195,2022-10-24,226.28419647186203,187.69931956375552,258.9167718031097,226.28419647186203,226.28419647186203,-1.3388239440649825,-1.3388239440649825,-1.3388239440649825,-1.3388239440649825,-1.3388239440649825,-1.3388239440649825,0.0,0.0,0.0,224.94537252779705
196,2022-10-25,225.00870614034025,185.38160328646143,254.5434351944908,225.00870614034025,225.00870614034025,-4.373080797682535,-4.373080797682535,-4.373080797682535,-4.373080797682535,-4.373080797682535,-4.373080797682535,0.0,0.0,0.0,220.6356253426577
197,2022-10-26,223.73321580881847,184.615837694386,256.0144412576746,223.73321580881847,223.73321580881847,-3.540678486628241,-3.540678486628241,-3.540678486628241,-3.540678486628241,-3.540678486628241,-3.540678486628241,0.0,0.0,0.0,220.19253732219022
198,2022-10-27,222.45772547729672,179.51325378810037,256.73931382730746,222.45772547729672,222.45772547729672,-4.219611184188796,-4.219611184188796,-4.219611184188796,-4.219611184188796,-4.219611184188796,-4.219611184188796,0.0,0.0,0.0,218.2381142931079
199,2022-10-28,221.18223514577494,176.71498825221192,252.52262302916566,221.18223514577494,221.18223514577494,-5.74559287124843,-5.74559287124843,-5.74559287124843,-5.74559287124843,-5.74559287124843,-5.74559287124843,0.0,0.0,0.0,215.43664227452652
200,2022-10-31,217.35576415120957,177.91454345967136,253.55732026325185,217.35576415120957,217.35576415120957,-1.338823944063627,-1.338823944063627,-1.338823944063627,-1.338823944063627,-1.338823944063627,-1.338823944063627,0.0,0.0,0.0,216.01694020714595
201,2022-11-01,216.08027378139164,175.81831238155985,248.00333251633774,216.08027378139164,216.08027378139164,-4.373080797677866,-4.373080797677866,-4.373080797677866,-4.373080797677866,-4.373080797677866,-4.373080797677866,0.0,0.0,0.0,211.70719298371378
202,2022-11-02,214.8047834115737,175.19613992783442,250.3172283915702,214.8047834115737,214.8047834115737,-3.5406784866226118,-3.5406784866226118,-3.5406784866226118,-3.5406784866226118,-3.5406784866226118,-3.5406784866226118,0.0,0.0,0.0,211.26410492495108
203,2022-11-03,213.52929304175584,172.80853801867872,248.03685624269983,213.52929304175584,213.52929304175584,-4.219611184191408,-4.219611184191408,-4.219611184191408,-4.219611184191408,-4.219611184191408,-4.219611184191408,0.0,0.0,0.0,209.3096818575644
204,2022-11-04,212.25380267193793,168.5056090461974,244.85766158766484,212.25380267193793,212.25380267193793,-5.745592871238307,-5.745592871238307,-5.745592871238307,-5.745592871238307,-5.745592871238307,-5.745592871238307,0.0,0.0,0.0,206.50820980069963
205,2022-11-07,208.42733156248423,169.17421959830114,247.3383586257884,208.42733156248423,208.42733156248423,-1.3388239440311678,-1.3388239440311678,-1.3388239440311678,-1.3388239440311678,-1.3388239440311678,-1.3388239440311678,0.0,0.0,0.0,207.08850761845306
206,2022-11-08,207.1518411926663,166.6347746694475,239.586413748855,207.1518411926663,207.1518411926663,-4.373080797684217,-4.373080797684217,-4.373080797684217,-4.373080797684217,-4.373080797684217,-4.373080797684217,0.0,0.0,0.0,202.77876039498207
207,2022-11-09,205.8763508228484,166.56004837987464,238.88496736492036,205.8763508228484,205.8763508228484,-3.5406784866242833,-3.5406784866242833,-3.5406784866242833,-3.5406784866242833,-3.5406784866242833,-3.5406784866242833,0.0,0.0,0.0,202.33567233622412
208,2022-11-10,204.6008604530304,163.53409360439153,236.75414001617784,204.6008604530304,204.6008604530304,-4.219611184194023,-4.219611184194023,-4.219611184194023,-4.219611184194023,-4.219611184194023,-4.219611184194023,0.0,0.0,0.0,200.38124926883637
209,2022-11-11,203.32537008321253,160.8816406385269,234.36649212612792,203.32537008321253,203.32537008321253,-5.74559287123368,-5.74559287123368,-5.74559287123368,-5.74559287123368,-5.74559287123368,-5.74559287123368,0.0,0.0,0.0,197.57977721197886
210,2022-11-14,199.49889897375886,163.67733460326187,238.0361940277171,199.49889897375886,199.49889897375886,-1.3388239440416667,-1.3388239440416667,-1.3388239440416667,-1.3388239440416667,-1.3388239440416667,-1.3388239440416667,0.0,0.0,0.0,198.16007502971718
211,2022-11-15,198.2234086039409,159.33074434368993,230.42884913082753,198.2234086039409,198.2234086039409,-4.373080797669308,-4.373080797669308,-4.373080797669308,-4.373080797669308,-4.373080797669308,-4.373080797669308,0.0,0.0,0.0,193.8503278062716
212,2022-11-16,196.947918234123,153.71052710926762,229.79146675633072,196.947918234123,196.947918234123,-3.5406784866259566,-3.5406784866259566,-3.5406784866259566,-3.5406784866259566,-3.5406784866259566,-3.5406784866259566,0.0,0.0,0.0,193.40723974749704
213,2022-11-17,195.6724278643051,152.8044134120026,226.5132469950024,195.6724278643051,195.6724278643051,-4.219611184199161,-4.219611184199161,-4.219611184199161,-4.219611184199161,-4.219611184199161,-4.219611184199161,0.0,0.0,0.0,191.45281668010594
214,2022-11-18,194.39693749448722,151.33666151541598,224.36798831248015,194.39693749448722,194.39693749448722,-5.745592871260724,-5.745592871260724,-5.745592871260724,-5.745592871260724,-5.745592871260724,-5.745592871260724,0.0,0.0,0.0,188.6513446232265
215,2022-11-21,190.57046638503346,152.98663853694964,226.12170532482412,190.57046638503346,190.57046638503346,-1.3388239440521645,-1.3388239440521645,-1.3388239440521645,-1.3388239440521645,-1.3388239440521645,-1.3388239440521645,0.0,0.0,0.0,189.2316424409813
216,2022-11-22,189.29497601521555,149.51958332638077,221.1955552324944,189.29497601521555,189.29497601521555,-4.373080797675659,-4.373080797675659,-4.373080797675659,-4.373080797675659,-4.373080797675659,-4.373080797675659,0.0,0.0,0.0,184.92189521753988
217,2022-11-23,188.0194856453976,147.07168534129403,220.96371990694786,188.0194856453976,188.0194856453976,-3.5406784866275727,-3.5406784866275727,-3.5406784866275727,-3.5406784866275727,-3.5406784866275727,-3.5406784866275727,0.0,0.0,0.0,184.47880715877002
218,2022-11-25,185.46850490576182,143.80907809623733,214.57351153950484,185.46850490576182,185.46850490576182,-5.745592871256099,-5.745592871256099,-5.745592871256099,-5.745592871256099,-5.745592871256099,-5.745592871256099,0.0,0.0,0.0,179.72291203450573
219,2022-11-28,181.64203379630814,142.22346242112098,216.2311375731729,181.64203379630814,181.64203379630814,-1.3388239440197054,-1.3388239440197054,-1.3388239440197054,-1.3388239440197054,-1.3388239440197054,-1.3388239440197054,0.0,0.0,0.0,180.30320985228843
220,2022-11-29,180.36654342649024,137.88038150725413,211.94601620206285,180.36654342649024,180.36654342649024,-4.37308079767138,-4.37308079767138,-4.37308079767138,-4.37308079767138,-4.37308079767138,-4.37308079767138,0.0,0.0,0.0,175.99346262881886
221,2022-11-30,179.09105305667228,139.53432048187446,213.91308066155833,179.09105305667228,179.09105305667228,-3.5406784866219434,-3.5406784866219434,-3.5406784866219434,-3.5406784866219434,-3.5406784866219434,-3.5406784866219434,0.0,0.0,0.0,175.55037457005034
222,2022-12-01,177.81556268685438,136.1056519950613,212.97603607956952,177.81556268685438,177.81556268685438,-4.219611184206914,-4.219611184206914,-4.219611184206914,-4.219611184206914,-4.219611184206914,-4.219611184206914,0.0,0.0,0.0,173.59595150264747
223,2022-12-02,176.5400723170364,135.14925914302398,206.69747903520295,176.5400723170364,176.5400723170364,-5.745592871248724,-5.745592871248724,-5.745592871248724,-5.745592871248724,-5.745592871248724,-5.745592871248724,0.0,0.0,0.0,170.79447944578766
224,2022-12-05,172.71360120758274,131.3877888813064,204.74866192694262,172.71360120758274,172.71360120758274,-1.3388239440302043,-1.3388239440302043,-1.3388239440302043,-1.3388239440302043,-1.3388239440302043,-1.3388239440302043,0.0,0.0,0.0,171.37477726355255
225,2022-12-06,171.43811083776484,130.11289486871672,202.7095825167182,171.43811083776484,171.43811083776484,-4.373080797677732,-4.373080797677732,-4.373080797677732,-4.373080797677732,-4.373080797677732,-4.373080797677732,0.0,0.0,0.0,167.0650300400871
226,2022-12-07,170.16262046794697,131.49830056024234,204.3504105054898,170.16262046794697,170.16262046794697,-3.5406784866309176,-3.5406784866309176,-3.5406784866309176,-3.5406784866309176,-3.5406784866309176,-3.5406784866309176,0.0,0.0,0.0,166.62194198131604
227,2022-12-08,168.88713009812898,127.96050498992683,204.1487581001652,168.88713009812898,168.88713009812898,-4.219611184209528,-4.219611184209528,-4.219611184209528,-4.219611184209528,-4.219611184209528,-4.219611184209528,0.0,0.0,0.0,164.66751891391945
228,2022-12-09,167.61163972831108,125.00613847948425,198.35850278387923,167.61163972831108,167.61163972831108,-5.745592871278516,-5.745592871278516,-5.745592871278516,-5.745592871278516,-5.745592871278516,-5.745592871278516,0.0,0.0,0.0,161.86604685703256
229,2022-12-12,163.78516861885734,121.20666606296845,200.7752918304814,163.78516861885734,163.78516861885734,-1.3388239440288487,-1.3388239440288487,-1.3388239440288487,-1.3388239440288487,-1.3388239440288487,-1.3388239440288487,0.0,0.0,0.0,162.44634467482848
230,2022-12-13,162.50967824903944,120.72074076943656,193.27480855597304,162.50967824903944,162.50967824903944,-4.373080797673452,-4.373080797673452,-4.373080797673452,-4.373080797673452,-4.373080797673452,-4.373080797673452,0.0,0.0,0.0,158.136597451366
231,2022-12-14,161.23418787922154,117.98565063091627,196.03022949046567,161.23418787922154,161.23418787922154,-3.5406784866252887,-3.5406784866252887,-3.5406784866252887,-3.5406784866252887,-3.5406784866252887,-3.5406784866252887,0.0,0.0,0.0,157.69350939259624
232,2022-12-15,159.95869750940366,118.09061975914189,191.92891060726413,159.95869750940366,159.95869750940366,-4.219611184192055,-4.219611184192055,-4.219611184192055,-4.219611184192055,-4.219611184192055,-4.219611184192055,0.0,0.0,0.0,155.73908632521162
233,2022-12-16,158.68320713958568,115.03988474915968,193.0595355913964,158.68320713958568,158.68320713958568,-5.745592871271142,-5.745592871271142,-5.745592871271142,-5.745592871271142,-5.745592871271142,-5.745592871271142,0.0,0.0,0.0,152.93761426831455
234,2022-12-19,154.856736030132,117.12595606249435,190.94079674488333,154.856736030132,154.856736030132,-1.3388239440512004,-1.3388239440512004,-1.3388239440512004,-1.3388239440512004,-1.3388239440512004,-1.3388239440512004,0.0,0.0,0.0,153.5179120860808
235,2022-12-20,153.58124566031404,114.05233659319204,187.8085615787639,153.58124566031404,153.58124566031404,-4.373080797679412,-4.373080797679412,-4.373080797679412,-4.373080797679412,-4.373080797679412,-4.373080797679412,0.0,0.0,0.0,149.20816486263462
236,2022-12-21,152.30575529049614,111.94518527915285,185.68477753403528,152.30575529049614,152.30575529049614,-3.54067848662696,-3.54067848662696,-3.54067848662696,-3.54067848662696,-3.54067848662696,-3.54067848662696,0.0,0.0,0.0,148.76507680386916
237,2022-12-22,151.03026492067826,109.37290165499113,184.95895384303967,151.03026492067826,151.03026492067826,-4.219611184197195,-4.219611184197195,-4.219611184197195,-4.219611184197195,-4.219611184197195,-4.219611184197195,0.0,0.0,0.0,146.81065373648107
238,2022-12-23,149.75477455086036,106.90367025361526,180.07768917500192,149.75477455086036,149.75477455086036,-5.745592871266517,-5.745592871266517,-5.745592871266517,-5.745592871266517,-5.745592871266517,-5.745592871266517,0.0,0.0,0.0,144.00918167959384
239,2022-12-27,144.65281307158872,106.54077186964389,178.3591494718147,144.65281307158872,144.65281307158872,-4.373080797675134,-4.373080797675134,-4.373080797675134,-4.373080797675134,-4.373080797675134,-4.373080797675134,0.0,0.0,0.0,140.2797322739136
240,2022-12-28,143.37732270177082,103.7935269480733,175.65616843223512,143.37732270177082,143.37732270177082,-3.5406784866213306,-3.5406784866213306,-3.5406784866213306,-3.5406784866213306,-3.5406784866213306,-3.5406784866213306,0.0,0.0,0.0,139.8366442151495
241,2022-12-29,142.10183233195292,100.78237245106173,173.69461219221844,142.10183233195292,142.10183233195292,-4.219611184199809,-4.219611184199809,-4.219611184199809,-4.219611184199809,-4.219611184199809,-4.219611184199809,0.0,0.0,0.0,137.8822211477531
242,2022-12-30,140.82634196213496,100.79237969852181,171.79223396086323,140.82634196213496,140.82634196213496,-5.7455928712563935,-5.7455928712563935,-5.7455928712563935,-5.7455928712563935,-5.7455928712563935,-5.7455928712563935,0.0,0.0,0.0,135.08074909087856
243,2023-01-03,135.72438048286332,92.66302867163412,167.60272383630786,135.72438048286332,135.72438048286332,-4.373080797681485,-4.373080797681485,-4.373080797681485,-4.373080797681485,-4.373080797681485,-4.373080797681485,0.0,0.0,0.0,131.35129968518183
244,2023-01-04,134.44889011304542,95.66627050006866,168.7465017773076,134.44889011304542,134.44889011304542,-3.5406784866230026,-3.5406784866230026,-3.5406784866230026,-3.5406784866230026,-3.5406784866230026,-3.5406784866230026,0.0,0.0,0.0,130.90821162642243
245,2023-01-05,133.17339974322752,89.87380594280258,167.10118258274227,133.17339974322752,133.17339974322752,-4.2196111841873885,-4.2196111841873885,-4.2196111841873885,-4.2196111841873885,-4.2196111841873885,-4.2196111841873885,0.0,0.0,0.0,128.95378855904013
246,2023-01-06,131.89790937340965,89.87378324627224,161.5761586574639,131.89790937340965,131.89790937340965,-5.74559287125177,-5.74559287125177,-5.74559287125177,-5.74559287125177,-5.74559287125177,-5.74559287125177,0.0,0.0,0.0,126.15231650215787
247,2023-01-09,128.07143826395588,92.72867337709408,163.07248973528712,128.07143826395588,128.07143826395588,-1.338823944058988,-1.338823944058988,-1.338823944058988,-1.338823944058988,-1.338823944058988,-1.338823944058988,0.0,0.0,0.0,126.7326143198969
248,2023-01-10,126.79594789413791,86.7485692070438,160.04635973863645,126.79594789413791,126.79594789413791,-4.373080797666576,-4.373080797666576,-4.373080797666576,-4.373080797666576,-4.373080797666576,-4.373080797666576,0.0,0.0,0.0,122.42286709647134
249,2023-01-11,125.52045752432002,86.0890383122124,159.34441586572362,125.52045752432002,125.52045752432002,-3.5406784866319208,-3.5406784866319208,-3.5406784866319208,-3.5406784866319208,-3.5406784866319208,-3.5406784866319208,0.0,0.0,0.0,121.9797790376881
250,2023-01-12,124.24496715450212,83.02321359785616,158.71241969244062,124.24496715450212,124.24496715450212,-4.2196111841874755,-4.2196111841874755,-4.2196111841874755,-4.2196111841874755,-4.2196111841874755,-4.2196111841874755,0.0,0.0,0.0,120.02535597031465
251,2023-01-13,122.96947678468423,83.43126390058421,156.93683851259152,122.96947678468423,122.96947678468423,-5.745592871247145,-5.745592871247145,-5.745592871247145,-5.745592871247145,-5.745592871247145,-5.745592871247145,0.0,0.0,0.0,117.22388391343709
252,2023-01-14,121.69398641486626,95.18639474346085,167.48487991049848,121.69398641486626,121.69398641486626,9.608898204364378,9.608898204364378,9.608898204364378,9.608898204364378,9.608898204364378,9.608898204364378,0.0,0.0,0.0,131.30288461923064
253,2023-01-15,120.41849604504846,91.55966723777739,166.24803763532663,120.41849604504846,120.41849604504846,9.608889079453629,9.608889079453629,9.608889079453629,9.608889079453629,9.608889079453629,9.608889079453629,0.0,0.0,0.0,130.02738512450208
254,2023-01-16,119.14300567523048,81.3059268928959,156.79244885919127,119.13666708107125,119.14619026935671,-1.3388239440146752,-1.3388239440146752,-1.3388239440146752,-1.3388239440146752,-1.3388239440146752,-1.3388239440146752,0.0,0.0,0.0,117.8041817312158
255,2023-01-17,117.8675153054126,78.04236189802654,151.55228959829225,117.83502905555552,117.89322267379481,-4.373080797672927,-4.373080797672927,-4.373080797672927,-4.373080797672927,-4.373080797672927,-4.373080797672927,0.0,0.0,0.0,113.49443450773967
256,2023-01-18,116.5920249355947,76.56138445552065,149.5072228982085,116.52900749583023,116.65075938951017,-3.540678486633592,-3.540678486633592,-3.540678486633592,-3.540678486633592,-3.540678486633592,-3.540678486633592,0.0,0.0,0.0,113.0513464489611
257,2023-01-19,115.3165345657768,71.2889742426288,149.67462622433678,115.20386722129541,115.42173914648302,-4.2196111841926145,-4.2196111841926145,-4.2196111841926145,-4.2196111841926145,-4.2196111841926145,-4.2196111841926145,0.0,0.0,0.0,111.09692338158419
258,2023-01-20,114.04104419595883,69.26855287614296,146.08263744932253,113.87403801382482,114.19171471564083,-5.74559287123977,-5.74559287123977,-5.74559287123977,-5.74559287123977,-5.74559287123977,-5.74559287123977,0.0,0.0,0.0,108.29545132471907
259,2023-01-21,112.76555382614103,86.37069667008791,157.3142362362746,112.51481829363357,112.9678425841124,9.608898204363346,9.608898204363346,9.608898204363346,9.608898204363346,9.608898204363346,9.608898204363346,0.0,0.0,0.0,122.37445203050437
260,2023-01-22,111.49006345632306,83.238487083771,156.774486984524,111.16617141477126,111.74829726557552,9.60888907945031,9.60888907945031,9.60888907945031,9.60888907945031,9.60888907945031,9.60888907945031,0.0,0.0,0.0,121.09895253577336
261,2023-01-23,110.21457308650507,71.55945457688891,146.89243084371105,109.79814350522008,110.53993986279369,-1.3388239440370269,-1.3388239440370269,-1.3388239440370269,-1.3388239440370269,-1.3388239440370269,-1.3388239440370269,0.0,0.0,0.0,108.87574914246804
262,2023-01-24,108.93908271668727,67.81136905004557,142.1230870753355,108.44572703283093,109.34516018399135,-4.373080797679278,-4.373080797679278,-4.373080797679278,-4.373080797679278,-4.373080797679278,-4.373080797679278,0.0,0.0,0.0,104.56600191900799
263,2023-01-25,107.6635923468693,64.46323267507357,139.38612215122197,107.08053426382214,108.16834783803964,-3.540678486627965,-3.540678486627965,-3.540678486627965,-3.540678486627965,-3.540678486627965,-3.540678486627965,0.0,0.0,0.0,104.12291386024133
264,2023-01-26,106.3881019770514,64.20810620356914,138.14748728096694,105.72873969035801,106.97322619822049,-4.219611184195228,-4.219611184195228,-4.219611184195228,-4.219611184195228,-4.219611184195228,-4.219611184195228,0.0,0.0,0.0,102.16849079285618
265,2023-01-27,105.11261160723343,63.21030041367265,137.41315878149663,104.36474738422945,105.78894634514495,-5.7455928712723106,-5.7455928712723106,-5.7455928712723106,-5.7455928712723106,-5.7455928712723106,-5.7455928712723106,0.0,0.0,0.0,99.36701873596112
266,2023-01-28,103.83712123741563,77.68883772785998,151.07882898686944,103.0027593423246,104.61455534958375,9.60889820433238,9.60889820433238,9.60889820433238,9.60889820433238,9.60889820433238,9.60889820433238,0.0,0.0,0.0,113.446019441748
267,2023-01-29,102.56163086759764,75.42499686959718,150.62738661622015,101.62688068562233,103.46382980698544,9.608889079446993,9.608889079446993,9.608889079446993,9.608889079446993,9.608889079446993,9.608889079446993,0.0,0.0,0.0,112.17051994704464
268,2023-01-30,101.28614049777984,64.53916102290573,137.58963335355156,100.21970786286572,102.2976840069829,-1.338823944035672,-1.338823944035672,-1.338823944035672,-1.338823944035672,-1.338823944035672,-1.338823944035672,0.0,0.0,0.0,99.94731655374417
269,2023-01-31,100.01065012796187,56.286274765548555,129.94187479503847,98.80583742194761,101.15129028844024,-4.373080797674999,-4.373080797674999,-4.373080797674999,-4.373080797674999,-4.373080797674999,-4.373080797674999,0.0,0.0,0.0,95.63756933028687
270,2023-02-01,98.73515975814398,54.96938217895743,133.96932347170323,97.4334120884139,99.96953609922096,-3.5406784866295813,-3.5406784866295813,-3.5406784866295813,-3.5406784866295813,-3.5406784866295813,-3.5406784866295813,0.0,0.0,0.0,95.19448127151439
271,2023-02-02,97.459669388326,59.318099201761676,132.5635229135687,96.07396300279149,98.8259982807762,-4.219611184197842,-4.219611184197842,-4.219611184197842,-4.219611184197842,-4.219611184197842,-4.219611184197842,0.0,0.0,0.0,93.24005820412816
272,2023-02-03,96.1841790185081,53.15622035283102,127.09397540968385,94.67672636567616,97.68222177715913,-5.745592871262187,-5.745592871262187,-5.745592871262187,-5.745592871262187,-5.745592871262187,-5.745592871262187,0.0,0.0,0.0,90.43858614724591
273,2023-02-04,94.90868864869022,67.477341864056,143.12032678454983,93.29945871762477,96.55151066336389,9.608898204331348,9.608898204331348,9.608898204331348,9.608898204331348,9.608898204331348,9.608898204331348,0.0,0.0,0.0,104.51758685302157
274,2023-02-05,93.63319827887224,66.90999172412609,140.94910974638736,91.91835881737718,95.40956603863552,9.608889079432945,9.608889079432945,9.608889079432945,9.608889079432945,9.608889079432945,9.608889079432945,0.0,0.0,0.0,103.24208735830518
275,2023-02-06,92.35770790905444,55.07425687160482,129.73945583841032,90.52283377374201,94.27824540038121,-1.3388239440461702,-1.3388239440461702,-1.3388239440461702,-1.3388239440461702,-1.3388239440461702,-1.3388239440461702,0.0,0.0,0.0,91.01888396500827
276,2023-02-07,91.08221753923647,49.03296780710163,124.05427132346769,89.08210006350573,93.17798163184733,-4.373080797691588,-4.373080797691588,-4.373080797691588,-4.373080797691588,-4.373080797691588,-4.373080797691588,0.0,0.0,0.0,86.70913674154488
277,2023-02-08,89.80672716941858,48.094259613846575,126.54419057778613,87.71995448797688,92.02305952993139,-3.540678486623952,-3.540678486623952,-3.540678486623952,-3.540678486623952,-3.540678486623952,-3.540678486623952,0.0,0.0,0.0,86.26604868279463
278,2023-02-09,88.53123679960068,47.50124951580522,124.70850297034485,86.28351923692024,90.96747387414288,-4.219611184200454,-4.219611184200454,-4.219611184200454,-4.219611184200454,-4.219611184200454,-4.219611184200454,0.0,0.0,0.0,84.31162561540022
279,2023-02-10,87.25574642978279,45.283330004245684,117.32196954269331,84.90042557925005,89.8706573906291,-5.745592871257562,-5.745592871257562,-5.745592871257562,-5.745592871257562,-5.745592871257562,-5.745592871257562,0.0,0.0,0.0,81.51015355852523
280,2023-02-11,85.98025605996482,57.64573581578045,132.81647477539408,83.48518097604125,88.76472656489003,9.608898204345278,9.608898204345278,9.608898204345278,9.608898204345278,9.608898204345278,9.608898204345278,0.0,0.0,0.0,95.5891542643101
281,2023-02-12,84.70476569014693,58.781991915818494,130.48974705118763,82.0674483593421,87.61093643182966,9.608889079461354,9.608889079461354,9.608889079461354,9.608889079461354,9.608889079461354,9.608889079461354,0.0,0.0,0.0,94.31365476960828
